rank	family	licence	all	plain_w	plain_iou_wfit	plain_iou	plain_wfit	plain_width	plain_ink	face_w	face_iou_wfit	face_iou	face_wfit	face_width	face_ink
1	Nunito	OFL	0.8193	1000	0.8191	0.6854	0.8191	1.0662	0.99	1000	0.8195	0.6722	0.8195	1.0477	0.956
2	Rubik	OFL	0.8105	900	0.8124	0.4718	0.8124	1.217	1.252	900	0.8089	0.5415	0.8089	1.1533	1.188
3	Lilita One	OFL	0.7968	400	0.7986	0.7308	0.7986	0.9664	0.915	400	0.7953	0.6509	0.7953	0.9314	0.882
4	Chango	OFL	0.7942	400	0.7956	0.3829	0.7956	1.4593	1.456	400	0.793	0.3874	0.793	1.4411	1.454
5	Passion One	OFL	0.7938	700	0.7965	0.7449	0.7965	1.0193	1.12	700	0.7916	0.7036	0.7916	0.9915	1.081
6	Rowdies	OFL	0.7888	700	0.7978	0.5525	0.7978	1.1409	1.109	700	0.7813	0.5898	0.7813	1.0926	1.05
7	Changa One	OFL	0.7867	400	0.786	0.5178	0.786	1.1724	1.231	400	0.7873	0.5761	0.7873	1.1073	1.171
8	Coiny	OFL	0.779	400	0.788	0.5145	0.788	1.1351	1.089	400	0.7715	0.5312	0.7715	1.1059	1.017
9	SF Pro Rounded (system)	Apple system	0.7753	1000	0.7719	0.5827	0.7719	1.098	1.008	1000	0.778	0.6293	0.778	1.0582	0.969
10	Paytone One	OFL	0.7749	400	0.781	0.6733	0.781	1.0793	1.012	400	0.7698	0.6166	0.7698	1.0715	1.004
11	Fredoka	OFL	0.7696	700	0.7565	0.7131	0.7565	0.9822	0.97	700	0.7806	0.6697	0.7806	0.9805	0.935
12	Rammetto One	OFL	0.7658	400	0.7633	0.4453	0.7633	1.2972	1.329	400	0.7678	0.4874	0.7678	1.2299	1.275
13	Signika	OFL	0.7618	700	0.7657	0.6523	0.7657	1.0145	0.843	700	0.7586	0.63	0.7586	0.9687	0.805
14	Titan One	OFL	0.7609	400	0.7604	0.5609	0.7604	1.1239	1.246	400	0.7614	0.5744	0.7614	1.1064	1.238
15	Bowlby One	OFL	0.7592	400	0.7573	0.4613	0.7573	1.2308	1.296	400	0.7607	0.5223	0.7607	1.1871	1.239
16	Baloo 2	OFL	0.7536	800	0.7526	0.5748	0.7526	1.0911	0.992	800	0.7545	0.5648	0.7545	1.0684	0.959
17	Baloo Bhai 2	OFL	0.7536	800	0.7526	0.5748	0.7526	1.0911	0.992	800	0.7545	0.5648	0.7545	1.0684	0.959
18	M PLUS Rounded 1c	OFL	0.7515	900	0.7466	0.5813	0.7466	1.0832	0.926	900	0.7556	0.6011	0.7556	1.0512	0.894
19	Dela Gothic One	OFL	0.7421	400	0.7539	0.4175	0.7539	1.3767	1.321	400	0.7323	0.4379	0.7323	1.2964	1.237
20	Grandstander	OFL	0.7373	900	0.739	0.6447	0.739	1.0572	1.013	900	0.7359	0.6437	0.7359	1.0371	1.02
21	Bagel Fat One	OFL	0.7366	400	0.7494	0.6616	0.7494	1.0266	0.973	400	0.7259	0.6189	0.7259	0.9744	0.911
22	Sniglet	OFL	0.7266	800	0.7272	0.5729	0.7272	1.1275	1.166	800	0.7261	0.5847	0.7261	1.131	1.165
23	Poetsen One	OFL	0.7253	400	0.7374	0.6787	0.7374	1.0113	0.894	400	0.7152	0.629	0.7152	0.9673	0.848
24	Gluten	OFL	0.7173	800	0.7197	0.4223	0.7197	1.2993	1.276	800	0.7154	0.4746	0.7154	1.2685	1.238
25	Dosis	OFL	0.7081	800	0.7117	0.5378	0.7117	0.879	0.738	800	0.7052	0.4483	0.7052	0.8512	0.708
26	Carter One	OFL	0.6915	400	0.6828	0.6451	0.6828	0.9892	0.84	400	0.6988	0.601	0.6988	0.9893	0.848
27	Concert One	OFL	0.6873	400	0.7064	0.6155	0.7064	0.9157	0.751	400	0.6713	0.4953	0.6713	0.8981	0.725
28	Chewy	Apache-2.0	0.6825	400	0.6942	0.4847	0.6942	0.8347	0.715	400	0.6728	0.4106	0.6728	0.8001	0.7
29	Madimi One	OFL	0.678	400	0.6828	0.5749	0.6828	0.922	0.72	400	0.674	0.471	0.674	0.8906	0.687
30	Luckiest Guy	Apache-2.0	0.6656	400	0.6732	0.5851	0.6732	1.0409	1.124	400	0.6592	0.5926	0.6592	1.0141	1.106
31	Zen Maru Gothic	OFL	0.6526	900	0.6459	0.5286	0.6459	0.894	0.638	900	0.6581	0.5084	0.6581	0.9186	0.651
32	Bungee	OFL	0.6511	400	0.647	0.4453	0.647	1.2348	1.345	400	0.6545	0.5004	0.6545	1.1851	1.281
33	Galindo	OFL	0.6396	400	0.6487	0.4787	0.6487	1.1258	0.893	400	0.6321	0.5242	0.6321	1.0511	0.822
34	Mochiy Pop One	OFL	0.631	400	0.6384	0.521	0.6384	1.0509	0.764	400	0.6248	0.545	0.6248	1.0221	0.742
35	Arial Rounded MT Bold (system)	Apple system (Monotype)	0.617	700	0.6143	0.577	0.6143	1.0023	0.693	700	0.6193	0.5596	0.6193	1.0036	0.674
36	Bubblegum Sans	OFL	0.6128	400	0.6346	0.4793	0.6346	0.8822	0.638	400	0.5946	0.4371	0.5946	0.8613	0.61
37	Knewave	OFL	0.5947	400	0.6058	0.4594	0.6058	0.8363	0.723	400	0.5855	0.4311	0.5855	0.8274	0.729
38	Varela Round	OFL	0.4849	400	0.4879	0.4148	0.4879	1.0491	0.552	400	0.4825	0.4202	0.4825	1.0275	0.531
