rank	family	licence	all	plain_w	plain_iou	plain_iou	plain_wfit	plain_width	plain_ink	face_w	face_iou	face_iou	face_wfit	face_width	face_ink
1	Passion One	OFL	0.7224	700	0.7449	0.7449	0.7965	1.0193	1.12	700	0.7036	0.7036	0.7916	0.9915	1.081
2	Fredoka	OFL	0.6894	700	0.7131	0.7131	0.7565	0.9822	0.97	700	0.6697	0.6697	0.7806	0.9805	0.935
3	Lilita One	OFL	0.6872	400	0.7308	0.7308	0.7986	0.9664	0.915	400	0.6509	0.6509	0.7953	0.9314	0.882
4	Nunito	OFL	0.6782	1000	0.6854	0.6854	0.8191	1.0662	0.99	1000	0.6722	0.6722	0.8195	1.0477	0.956
5	Poetsen One	OFL	0.6516	400	0.6787	0.6787	0.7374	1.0113	0.894	400	0.629	0.629	0.7152	0.9673	0.848
6	Grandstander	OFL	0.6441	900	0.6447	0.6447	0.739	1.0572	1.013	900	0.6437	0.6437	0.7359	1.0371	1.02
7	Paytone One	OFL	0.6424	400	0.6733	0.6733	0.781	1.0793	1.012	400	0.6166	0.6166	0.7698	1.0715	1.004
8	Signika	OFL	0.6401	700	0.6523	0.6523	0.7657	1.0145	0.843	700	0.63	0.63	0.7586	0.9687	0.805
9	Bagel Fat One	OFL	0.6383	400	0.6616	0.6616	0.7494	1.0266	0.973	400	0.6189	0.6189	0.7259	0.9744	0.911
10	SF Pro Rounded (system)	Apple system	0.6221	800	0.6038	0.6038	0.7033	1.0429	0.844	900	0.6374	0.6374	0.7494	1.0349	0.893
11	Carter One	OFL	0.6211	400	0.6451	0.6451	0.6828	0.9892	0.84	400	0.601	0.601	0.6988	0.9893	0.848
12	M PLUS Rounded 1c	OFL	0.5921	900	0.5813	0.5813	0.7466	1.0832	0.926	900	0.6011	0.6011	0.7556	1.0512	0.894
13	Luckiest Guy	Apache-2.0	0.5892	400	0.5851	0.5851	0.6732	1.0409	1.124	400	0.5926	0.5926	0.6592	1.0141	1.106
14	Sniglet	OFL	0.5793	800	0.5729	0.5729	0.7272	1.1275	1.166	800	0.5847	0.5847	0.7261	1.131	1.165
15	Rowdies	OFL	0.5728	700	0.5525	0.5525	0.7978	1.1409	1.109	700	0.5898	0.5898	0.7813	1.0926	1.05
16	Baloo 2	OFL	0.5694	800	0.5748	0.5748	0.7526	1.0911	0.992	800	0.5648	0.5648	0.7545	1.0684	0.959
17	Baloo Bhai 2	OFL	0.5693	800	0.5748	0.5748	0.7526	1.0911	0.992	800	0.5648	0.5648	0.7545	1.0684	0.959
18	Titan One	OFL	0.5682	400	0.5609	0.5609	0.7604	1.1239	1.246	400	0.5744	0.5744	0.7614	1.1064	1.238
19	Arial Rounded MT Bold (system)	Apple system (Monotype)	0.5675	700	0.577	0.577	0.6143	1.0023	0.693	700	0.5596	0.5596	0.6193	1.0036	0.674
20	Concert One	OFL	0.5499	400	0.6155	0.6155	0.7064	0.9157	0.751	400	0.4953	0.4953	0.6713	0.8981	0.725
21	Changa One	OFL	0.5496	400	0.5178	0.5178	0.786	1.1724	1.231	400	0.5761	0.5761	0.7873	1.1073	1.171
22	Rubik	OFL	0.5369	500	0.5174	0.5174	0.6439	1.0686	0.773	700	0.5532	0.5532	0.7506	1.0747	0.913
23	Mochiy Pop One	OFL	0.5341	400	0.521	0.521	0.6384	1.0509	0.764	400	0.545	0.545	0.6248	1.0221	0.742
24	Coiny	OFL	0.5236	400	0.5145	0.5145	0.788	1.1351	1.089	400	0.5312	0.5312	0.7715	1.1059	1.017
25	Madimi One	OFL	0.5182	400	0.5749	0.5749	0.6828	0.922	0.72	400	0.471	0.471	0.674	0.8906	0.687
26	Zen Maru Gothic	OFL	0.5175	900	0.5286	0.5286	0.6459	0.894	0.638	900	0.5084	0.5084	0.6581	0.9186	0.651
27	Galindo	OFL	0.5035	400	0.4787	0.4787	0.6487	1.1258	0.893	400	0.5242	0.5242	0.6321	1.0511	0.822
28	Bowlby One	OFL	0.4946	400	0.4613	0.4613	0.7573	1.2308	1.296	400	0.5223	0.5223	0.7607	1.1871	1.239
29	Dosis	OFL	0.489	800	0.5378	0.5378	0.7117	0.879	0.738	800	0.4483	0.4483	0.7052	0.8512	0.708
30	Bungee	OFL	0.4753	400	0.4453	0.4453	0.647	1.2348	1.345	400	0.5004	0.5004	0.6545	1.1851	1.281
31	Gluten	OFL	0.4744	500	0.474	0.474	0.6281	1.1446	0.853	800	0.4746	0.4746	0.7154	1.2685	1.238
32	Rammetto One	OFL	0.4682	400	0.4453	0.4453	0.7633	1.2972	1.329	400	0.4874	0.4874	0.7678	1.2299	1.275
33	Bubblegum Sans	OFL	0.4563	400	0.4793	0.4793	0.6346	0.8822	0.638	400	0.4371	0.4371	0.5946	0.8613	0.61
34	Chewy	Apache-2.0	0.4443	400	0.4847	0.4847	0.6942	0.8347	0.715	400	0.4106	0.4106	0.6728	0.8001	0.7
35	Knewave	OFL	0.4439	400	0.4594	0.4594	0.6058	0.8363	0.723	400	0.4311	0.4311	0.5855	0.8274	0.729
36	Dela Gothic One	OFL	0.4286	400	0.4175	0.4175	0.7539	1.3767	1.321	400	0.4379	0.4379	0.7323	1.2964	1.237
37	Varela Round	OFL	0.4177	400	0.4148	0.4148	0.4879	1.0491	0.552	400	0.4202	0.4202	0.4825	1.0275	0.531
38	Chango	OFL	0.3854	400	0.3829	0.3829	0.7956	1.4593	1.456	400	0.3874	0.3874	0.793	1.4411	1.454
